<?xml version="1.0" encoding="UTF-8" standalone="yes"?>
<manifest>
  <control namespace="PpsNumberValidator" constructor="PpsNumberValidator" version="1.0.0" display-name-key="PpsNumberValidator" description-key="PpsNumberValidator description" control-type="standard" preview-image="img/preview.jpg" api-version="1.2.3">
    <property name="PPS_Number_Field" display-name-key="PPS_Number_Field" description-key="PPS Number field" of-type="SingleLine.Text" usage="bound" required="true"/>
    <property name="PPS_Number_Valid" display-name-key="PPS_Number_Valid" description-key="Two option field to save the info if the PPS number is valid or not. Useful to validate the value in the forms." of-type="TwoOptions" usage="bound" required="false"/>
    <property name="Error_Message" display-name-key="Error_Message" description-key="Error message to display" of-type="SingleLine.Text" usage="input" required="false"/>
    <property name="Display_Icon" display-name-key="Display_Icon" description-key="Parameter to show or hide the icon in the textbox" of-type="Enum" usage="input" required="true">
      <value name="No" display-name-key="No">0</value>
      <value name="Yes" display-name-key="Yes">1</value>
    </property>
    <property name="Display_Error_Message" display-name-key="Display_Error_Message" description-key="Parameter to show error message for invalid PPS" of-type="Enum" usage="input" required="true">
      <value name="No" display-name-key="No">0</value>
      <value name="Yes" display-name-key="Yes">1</value>
    </property>
    <resources>
      <code path="bundle.js" order="1"/>
      <css path="css/PpsNumberValidator.css" order="1"/>
      <resx path="strings/PpsNumberValidator.1033.resx" version="1.0.0"/>
    </resources>
    <built-by name="pac" version="1.4.4"/>
  </control>
</manifest>